{"cameraMode":{"drawMode":0,"name":"Shaded","section":"Shading Mode"},"sceneLighting":true,"audioPlay":false,"sceneViewState":{"showFog":true,"showMaterialUpdate":false,"showSkybox":true,"showFlares":true,"showImageEffects":true,"showParticleSystems":true},"in2DMode":false,"pivot":{"x":-8.940696716308594e-8,"y":0.7953696250915527,"z":-0.0018865615129470826},"rotation":{"x":-0.10479112714529038,"y":0.0780828669667244,"z":-0.00825006514787674,"w":-0.9913927316665649},"size":2.1683733463287355,"orthographic":false}